factor,r^2,p,std err
review_appearance,0.251725977787,0.0,0.000587189099522
review_aroma,0.379438762564,0.0,0.000605479806142
review_palate,0.49266427608,0.0,0.000535383321286
review_taste,0.623780191394,0.0,0.000494653323527
